{"stat.pickup.minecraft.log":4,"stat.pickup.mts.gvp.macpherson_front":2,"stat.flyOneCm":3235,"stat.pickup.minecraft.sand":18,"stat.pickup.minecraft.sandstone":55,"stat.pickup.mts.gvp.macpherson":2,"stat.walkOneCm":4435,"stat.useItem.mts.gvp.lamborghini_gallardo_lp5604_black":1,"stat.jump":3,"stat.playOneMinute":9917,"stat.pickup.mts.gvp.lamborghini_52v10":1,"stat.pickup.mts.gvp.generic_car_seat_1":1,"stat.leaveGame":1,"stat.sneakTime":7,"stat.timeSinceDeath":9917,"stat.useItem.mts.gvp.nissan_gtr_r35_red":1,"stat.pickup.minecraft.yellow_flower":1,"stat.sprintOneCm":513}