{"stat.pickup.minecraft.rotten_flesh":1,"stat.useItem.minecraft.rotten_flesh":1,"stat.flyOneCm":29156,"stat.deaths":1,"stat.walkOneCm":14052,"stat.pickup.minecraft.bone":5,"stat.jump":198,"stat.swimOneCm":167,"stat.pickup.minecraft.egg":2,"stat.playOneMinute":10233,"stat.fallOneCm":5298,"stat.pickup.minecraft.red_flower":5,"stat.useItem.minecraft.egg":1,"stat.leaveGame":1,"stat.pickup.minecraft.arrow":6,"stat.sneakTime":76,"stat.damageTaken":350,"stat.crouchOneCm":1,"stat.timeSinceDeath":6877,"stat.pickup.minecraft.dirt":6,"stat.sprintOneCm":17732,"stat.useItem.minecraft.stone_slab2":51,"stat.diveOneCm":1393}