{"stat.walkOneCm":13054,"stat.useItem.minecraft.sapling":1,"stat.craftItem.minecraft.planks":20,"stat.leaveGame":1,"stat.useItem.minecraft.log":2,"stat.damageTaken":10,"stat.craftItem.minecraft.crafting_table":1,"stat.mobKills":4,"stat.drop.minecraft.wool":1,"stat.mineBlock.minecraft.log":7,"stat.pickup.minecraft.log":7,"stat.flyOneCm":1892,"stat.drop":1,"stat.mineBlock.minecraft.leaves":1,"stat.jump":52,"stat.playOneMinute":5548,"stat.fallOneCm":335,"stat.killEntity.Sheep":4,"stat.sneakTime":135,"stat.pickup.minecraft.wool":4,"stat.damageDealt":329,"stat.crouchOneCm":582,"stat.timeSinceDeath":5548,"stat.pickup.minecraft.sapling":2,"stat.sprintOneCm":8128,"stat.useItem.minecraft.stone_slab2":1,"stat.mineBlock.minecraft.tallgrass":4,"stat.pickup.minecraft.mutton":5}